auctionid,auction_type,seller_id,name,email,username
1638893549,3 day auction,79590,Theodore Daugherty,theodoredaugherty@example.com,theod19
1642561397,7 day auction,79590,Theodore Daugherty,theodoredaugherty@example.com,theod19
1642911743,7 day auction,79590,Theodore Daugherty,theodoredaugherty@example.com,theod19
1643201832,7 day auction,79590,Theodore Daugherty,theodoredaugherty@example.com,theod19
3015909210,3 day auction,79590,Theodore Daugherty,theodoredaugherty@example.com,theod19
3024895548,3 day auction,79590,Theodore Daugherty,theodoredaugherty@example.com,theod19
3019530013,7 day auction,79590,Theodore Daugherty,theodoredaugherty@example.com,theod19
8213956836,3 day auction,79590,Theodore Daugherty,theodoredaugherty@example.com,theod19
8214823984,7 day auction,79590,Theodore Daugherty,theodoredaugherty@example.com,theod19
1639453840,3 day auction,54320,Monica Roberts,monicaroberts@example.com,monic89
1638844729,7 day auction,54320,Monica Roberts,monicaroberts@example.com,monic89
3022785804,7 day auction,54320,Monica Roberts,monicaroberts@example.com,monic89
3023474060,7 day auction,54320,Monica Roberts,monicaroberts@example.com,monic89
8212165593,7 day auction,54320,Monica Roberts,monicaroberts@example.com,monic89
8212190120,7 day auction,54320,Monica Roberts,monicaroberts@example.com,monic89
8212381867,7 day auction,54320,Monica Roberts,monicaroberts@example.com,monic89
8212760279,7 day auction,54320,Monica Roberts,monicaroberts@example.com,monic89
8213082427,7 day auction,54320,Monica Roberts,monicaroberts@example.com,monic89
8214749544,7 day auction,54320,Monica Roberts,monicaroberts@example.com,monic89
8214801302,7 day auction,54320,Monica Roberts,monicaroberts@example.com,monic89
1641142160,3 day auction,73838,Angelica Giles,angelicagiles@example.com,angel73
1648968984,5 day auction,73838,Angelica Giles,angelicagiles@example.com,angel73
3017923068,3 day auction,73838,Angelica Giles,angelicagiles@example.com,angel73
3014844871,5 day auction,73838,Angelica Giles,angelicagiles@example.com,angel73
3018632224,7 day auction,73838,Angelica Giles,angelicagiles@example.com,angel73
3023263834,7 day auction,73838,Angelica Giles,angelicagiles@example.com,angel73
3023680963,7 day auction,73838,Angelica Giles,angelicagiles@example.com,angel73
8212635193,7 day auction,73838,Angelica Giles,angelicagiles@example.com,angel73
8213047071,7 day auction,73838,Angelica Giles,angelicagiles@example.com,angel73
1642243766,3 day auction,82841,Michelle Gross,michellegross@example.com,miche47
1649848613,7 day auction,82841,Michelle Gross,michellegross@example.com,miche47
3016891898,5 day auction,82841,Michelle Gross,michellegross@example.com,miche47
3018604649,7 day auction,82841,Michelle Gross,michellegross@example.com,miche47
3019873456,7 day auction,82841,Michelle Gross,michellegross@example.com,miche47
3020060476,7 day auction,82841,Michelle Gross,michellegross@example.com,miche47
8213119950,3 day auction,82841,Michelle Gross,michellegross@example.com,miche47
1643075711,3 day auction,94826,Eric Riley,ericriley@example.com,ericr3
3019008453,3 day auction,94826,Eric Riley,ericriley@example.com,ericr3
3023583801,3 day auction,94826,Eric Riley,ericriley@example.com,ericr3
3019716900,5 day auction,94826,Eric Riley,ericriley@example.com,ericr3
3024095861,7 day auction,94826,Eric Riley,ericriley@example.com,ericr3
8213935134,3 day auction,94826,Eric Riley,ericriley@example.com,ericr3
8214917158,5 day auction,94826,Eric Riley,ericriley@example.com,ericr3
8214784050,7 day auction,94826,Eric Riley,ericriley@example.com,ericr3
1643544538,3 day auction,73394,Margaret Herring,margaretherring@example.com,marga14
1646448593,5 day auction,73394,Margaret Herring,margaretherring@example.com,marga14
1641880908,7 day auction,73394,Margaret Herring,margaretherring@example.com,marga14
3018453060,3 day auction,73394,Margaret Herring,margaretherring@example.com,marga14
3024121735,3 day auction,73394,Margaret Herring,margaretherring@example.com,marga14
3025307344,3 day auction,73394,Margaret Herring,margaretherring@example.com,marga14
3025307420,3 day auction,73394,Margaret Herring,margaretherring@example.com,marga14
3015909790,7 day auction,73394,Margaret Herring,margaretherring@example.com,marga14
3018288277,7 day auction,73394,Margaret Herring,margaretherring@example.com,marga14
3022716748,7 day auction,73394,Margaret Herring,margaretherring@example.com,marga14
3023898379,7 day auction,73394,Margaret Herring,margaretherring@example.com,marga14
1643885624,3 day auction,87106,Sandra Rogers,sandrarogers@example.com,sandr73
1641154540,5 day auction,87106,Sandra Rogers,sandrarogers@example.com,sandr73
3018792064,7 day auction,87106,Sandra Rogers,sandrarogers@example.com,sandr73
3019821308,7 day auction,87106,Sandra Rogers,sandrarogers@example.com,sandr73
8212182237,7 day auction,87106,Sandra Rogers,sandrarogers@example.com,sandr73
8212903200,7 day auction,87106,Sandra Rogers,sandrarogers@example.com,sandr73
1643903116,3 day auction,1974,Luis Whitehead,luiswhitehead@example.com,luisw30
3023754303,3 day auction,1974,Luis Whitehead,luiswhitehead@example.com,luisw30
3025598612,3 day auction,1974,Luis Whitehead,luiswhitehead@example.com,luisw30
3013839128,7 day auction,1974,Luis Whitehead,luiswhitehead@example.com,luisw30
3023639205,7 day auction,1974,Luis Whitehead,luiswhitehead@example.com,luisw30
8212668731,7 day auction,1974,Luis Whitehead,luiswhitehead@example.com,luisw30
1643903372,3 day auction,70894,Jack Edwards,jackedwards@example.com,jacke5
1650406935,5 day auction,70894,Jack Edwards,jackedwards@example.com,jacke5
3015513105,5 day auction,70894,Jack Edwards,jackedwards@example.com,jacke5
3015513123,7 day auction,70894,Jack Edwards,jackedwards@example.com,jacke5
3017736272,7 day auction,70894,Jack Edwards,jackedwards@example.com,jacke5
8213066557,7 day auction,70894,Jack Edwards,jackedwards@example.com,jacke5
8214745918,7 day auction,70894,Jack Edwards,jackedwards@example.com,jacke5
1645883276,3 day auction,46578,Dawn Williams,dawnwilliams@example.com,dawnw97
3020684186,3 day auction,46578,Dawn Williams,dawnwilliams@example.com,dawnw97
3017841326,7 day auction,46578,Dawn Williams,dawnwilliams@example.com,dawnw97
8213037774,7 day auction,46578,Dawn Williams,dawnwilliams@example.com,dawnw97
1645914432,3 day auction,7402,Kenneth Smith,kennethsmith@example.com,kenne6
1644109746,7 day auction,7402,Kenneth Smith,kennethsmith@example.com,kenne6
1644681469,7 day auction,7402,Kenneth Smith,kennethsmith@example.com,kenne6
3018868918,3 day auction,7402,Kenneth Smith,kennethsmith@example.com,kenne6
3025655397,3 day auction,7402,Kenneth Smith,kennethsmith@example.com,kenne6
3019148335,7 day auction,7402,Kenneth Smith,kennethsmith@example.com,kenne6
3024361363,7 day auction,7402,Kenneth Smith,kennethsmith@example.com,kenne6
1646353713,3 day auction,44604,Caroline Compton,carolinecompton@example.com,carol80
1649567847,7 day auction,44604,Caroline Compton,carolinecompton@example.com,carol80
3021003299,3 day auction,44604,Caroline Compton,carolinecompton@example.com,carol80
3022814911,3 day auction,44604,Caroline Compton,carolinecompton@example.com,carol80
3020274575,7 day auction,44604,Caroline Compton,carolinecompton@example.com,carol80
3023653216,7 day auction,44604,Caroline Compton,carolinecompton@example.com,carol80
3024165142,7 day auction,44604,Caroline Compton,carolinecompton@example.com,carol80
8213318286,3 day auction,44604,Caroline Compton,carolinecompton@example.com,carol80
8214430396,3 day auction,44604,Caroline Compton,carolinecompton@example.com,carol80
8213511406,7 day auction,44604,Caroline Compton,carolinecompton@example.com,carol80
8214330322,7 day auction,44604,Caroline Compton,carolinecompton@example.com,carol80
1647149304,3 day auction,63813,Stacy Jensen,stacyjensen@example.com,stacy82
1641880134,7 day auction,63813,Stacy Jensen,stacyjensen@example.com,stacy82
1648176677,7 day auction,63813,Stacy Jensen,stacyjensen@example.com,stacy82
3024307294,3 day auction,63813,Stacy Jensen,stacyjensen@example.com,stacy82
3020160387,7 day auction,63813,Stacy Jensen,stacyjensen@example.com,stacy82
8212752835,5 day auction,63813,Stacy Jensen,stacyjensen@example.com,stacy82
8212610485,7 day auction,63813,Stacy Jensen,stacyjensen@example.com,stacy82
1647870862,3 day auction,92362,Seth Johnson,sethjohnson@example.com,sethj25
1644077790,7 day auction,92362,Seth Johnson,sethjohnson@example.com,sethj25
1647320738,7 day auction,92362,Seth Johnson,sethjohnson@example.com,sethj25
1650483277,7 day auction,92362,Seth Johnson,sethjohnson@example.com,sethj25
3023175174,5 day auction,92362,Seth Johnson,sethjohnson@example.com,sethj25
3015898779,7 day auction,92362,Seth Johnson,sethjohnson@example.com,sethj25
8212944779,7 day auction,92362,Seth Johnson,sethjohnson@example.com,sethj25
1648233039,3 day auction,31668,Daniel Morrison,danielmorrison@example.com,danie86
1642414724,5 day auction,31668,Daniel Morrison,danielmorrison@example.com,danie86
1641783552,7 day auction,31668,Daniel Morrison,danielmorrison@example.com,danie86
3017950485,3 day auction,31668,Daniel Morrison,danielmorrison@example.com,danie86
3022613118,3 day auction,31668,Daniel Morrison,danielmorrison@example.com,danie86
3025453701,3 day auction,31668,Daniel Morrison,danielmorrison@example.com,danie86
3014835507,7 day auction,31668,Daniel Morrison,danielmorrison@example.com,danie86
3016189459,7 day auction,31668,Daniel Morrison,danielmorrison@example.com,danie86
3024274951,7 day auction,31668,Daniel Morrison,danielmorrison@example.com,danie86
8212183207,7 day auction,31668,Daniel Morrison,danielmorrison@example.com,danie86
8212755285,7 day auction,31668,Daniel Morrison,danielmorrison@example.com,danie86
8212878941,7 day auction,31668,Daniel Morrison,danielmorrison@example.com,danie86
1648782304,3 day auction,44082,Ernest Thomas,ernestthomas@example.com,ernes26
1640653873,7 day auction,44082,Ernest Thomas,ernestthomas@example.com,ernes26
1649173313,7 day auction,44082,Ernest Thomas,ernestthomas@example.com,ernes26
3022847852,5 day auction,44082,Ernest Thomas,ernestthomas@example.com,ernes26
3014012355,7 day auction,44082,Ernest Thomas,ernestthomas@example.com,ernes26
3015520551,7 day auction,44082,Ernest Thomas,ernestthomas@example.com,ernes26
3020017121,7 day auction,44082,Ernest Thomas,ernestthomas@example.com,ernes26
8214364171,3 day auction,44082,Ernest Thomas,ernestthomas@example.com,ernes26
8213122141,5 day auction,44082,Ernest Thomas,ernestthomas@example.com,ernes26
8213369721,5 day auction,44082,Ernest Thomas,ernestthomas@example.com,ernes26
8213081560,7 day auction,44082,Ernest Thomas,ernestthomas@example.com,ernes26
8214355679,7 day auction,44082,Ernest Thomas,ernestthomas@example.com,ernes26
1649131866,3 day auction,45800,Rebecca Martinez,rebeccamartinez@example.com,rebec13
1644752795,7 day auction,45800,Rebecca Martinez,rebeccamartinez@example.com,rebec13
1647637035,7 day auction,45800,Rebecca Martinez,rebeccamartinez@example.com,rebec13
1650515990,7 day auction,45800,Rebecca Martinez,rebeccamartinez@example.com,rebec13
8211851222,7 day auction,45800,Rebecca Martinez,rebeccamartinez@example.com,rebec13
1649726994,3 day auction,66275,Angel Lamb,angellamb@example.com,angel52
1642185637,7 day auction,66275,Angel Lamb,angellamb@example.com,angel52
3016458866,3 day auction,66275,Angel Lamb,angellamb@example.com,angel52
3016623337,3 day auction,66275,Angel Lamb,angellamb@example.com,angel52
3026102735,3 day auction,66275,Angel Lamb,angellamb@example.com,angel52
3023251181,5 day auction,66275,Angel Lamb,angellamb@example.com,angel52
3023653116,5 day auction,66275,Angel Lamb,angellamb@example.com,angel52
3025866584,5 day auction,66275,Angel Lamb,angellamb@example.com,angel52
3015546956,7 day auction,66275,Angel Lamb,angellamb@example.com,angel52
8215145547,5 day auction,66275,Angel Lamb,angellamb@example.com,angel52
1639826019,5 day auction,95911,Kelsey Miller,kelseymiller@example.com,kelse86
1644138548,7 day auction,95911,Kelsey Miller,kelseymiller@example.com,kelse86
1649513497,7 day auction,95911,Kelsey Miller,kelseymiller@example.com,kelse86
1650162165,7 day auction,95911,Kelsey Miller,kelseymiller@example.com,kelse86
1650981438,7 day auction,95911,Kelsey Miller,kelseymiller@example.com,kelse86
3020632534,3 day auction,95911,Kelsey Miller,kelseymiller@example.com,kelse86
3024662462,3 day auction,95911,Kelsey Miller,kelseymiller@example.com,kelse86
3014878060,7 day auction,95911,Kelsey Miller,kelseymiller@example.com,kelse86
3019342231,7 day auction,95911,Kelsey Miller,kelseymiller@example.com,kelse86
3021836029,7 day auction,95911,Kelsey Miller,kelseymiller@example.com,kelse86
3022303986,7 day auction,95911,Kelsey Miller,kelseymiller@example.com,kelse86
3024122118,7 day auction,95911,Kelsey Miller,kelseymiller@example.com,kelse86
8213188385,5 day auction,95911,Kelsey Miller,kelseymiller@example.com,kelse86
8211480551,7 day auction,95911,Kelsey Miller,kelseymiller@example.com,kelse86
8212122220,7 day auction,95911,Kelsey Miller,kelseymiller@example.com,kelse86
1640257270,5 day auction,87489,Evelyn Blake,evelynblake@example.com,evely95
1639333116,7 day auction,87489,Evelyn Blake,evelynblake@example.com,evely95
1648041601,7 day auction,87489,Evelyn Blake,evelynblake@example.com,evely95
1650699048,7 day auction,87489,Evelyn Blake,evelynblake@example.com,evely95
3019173309,7 day auction,87489,Evelyn Blake,evelynblake@example.com,evely95
3019515786,7 day auction,87489,Evelyn Blake,evelynblake@example.com,evely95
3023120360,7 day auction,87489,Evelyn Blake,evelynblake@example.com,evely95
8213932495,3 day auction,87489,Evelyn Blake,evelynblake@example.com,evely95
8212157034,7 day auction,87489,Evelyn Blake,evelynblake@example.com,evely95
8212848054,7 day auction,87489,Evelyn Blake,evelynblake@example.com,evely95
8214803514,7 day auction,87489,Evelyn Blake,evelynblake@example.com,evely95
8214889177,7 day auction,87489,Evelyn Blake,evelynblake@example.com,evely95
1640495398,5 day auction,88661,Maria Johnston,mariajohnston@example.com,maria77
1644077820,7 day auction,88661,Maria Johnston,mariajohnston@example.com,maria77
3014836964,7 day auction,88661,Maria Johnston,mariajohnston@example.com,maria77
3019100520,7 day auction,88661,Maria Johnston,mariajohnston@example.com,maria77
3020125049,7 day auction,88661,Maria Johnston,mariajohnston@example.com,maria77
1640809330,5 day auction,11866,Jack Jenkins,jackjenkins@example.com,jackj27
1643244227,7 day auction,11866,Jack Jenkins,jackjenkins@example.com,jackj27
3019146651,7 day auction,11866,Jack Jenkins,jackjenkins@example.com,jackj27
3021984260,7 day auction,11866,Jack Jenkins,jackjenkins@example.com,jackj27
3023962700,7 day auction,11866,Jack Jenkins,jackjenkins@example.com,jackj27
3024918848,7 day auction,11866,Jack Jenkins,jackjenkins@example.com,jackj27
8212143601,7 day auction,11866,Jack Jenkins,jackjenkins@example.com,jackj27
1640809333,5 day auction,5592,Shelia Lawrence,shelialawrence@example.com,sheli14
3014314236,5 day auction,5592,Shelia Lawrence,shelialawrence@example.com,sheli14
3015467305,7 day auction,5592,Shelia Lawrence,shelialawrence@example.com,sheli14
3015549707,7 day auction,5592,Shelia Lawrence,shelialawrence@example.com,sheli14
3019696199,7 day auction,5592,Shelia Lawrence,shelialawrence@example.com,sheli14
3024799631,7 day auction,5592,Shelia Lawrence,shelialawrence@example.com,sheli14
8213267098,5 day auction,5592,Shelia Lawrence,shelialawrence@example.com,sheli14
8213495915,5 day auction,5592,Shelia Lawrence,shelialawrence@example.com,sheli14
8215129004,5 day auction,5592,Shelia Lawrence,shelialawrence@example.com,sheli14
1641112143,5 day auction,93158,Raymond Murphy,raymondmurphy@example.com,raymo9
1642424500,5 day auction,93158,Raymond Murphy,raymondmurphy@example.com,raymo9
1641628327,7 day auction,93158,Raymond Murphy,raymondmurphy@example.com,raymo9
3013951754,5 day auction,93158,Raymond Murphy,raymondmurphy@example.com,raymo9
3014012075,5 day auction,93158,Raymond Murphy,raymondmurphy@example.com,raymo9
3020823944,5 day auction,93158,Raymond Murphy,raymondmurphy@example.com,raymo9
3022018351,7 day auction,93158,Raymond Murphy,raymondmurphy@example.com,raymo9
1641962219,5 day auction,91847,Marcus Brandt,marcusbrandt@example.com,marcu81
1649757877,7 day auction,91847,Marcus Brandt,marcusbrandt@example.com,marcu81
3015594808,7 day auction,91847,Marcus Brandt,marcusbrandt@example.com,marcu81
3018061782,7 day auction,91847,Marcus Brandt,marcusbrandt@example.com,marcu81
3019259186,7 day auction,91847,Marcus Brandt,marcusbrandt@example.com,marcu81
3020237201,7 day auction,91847,Marcus Brandt,marcusbrandt@example.com,marcu81
3024659380,7 day auction,91847,Marcus Brandt,marcusbrandt@example.com,marcu81
3025133084,7 day auction,91847,Marcus Brandt,marcusbrandt@example.com,marcu81
3025486868,7 day auction,91847,Marcus Brandt,marcusbrandt@example.com,marcu81
8212135847,7 day auction,91847,Marcus Brandt,marcusbrandt@example.com,marcu81
8212441657,7 day auction,91847,Marcus Brandt,marcusbrandt@example.com,marcu81
8212602164,7 day auction,91847,Marcus Brandt,marcusbrandt@example.com,marcu81
8212839477,7 day auction,91847,Marcus Brandt,marcusbrandt@example.com,marcu81
1642322610,5 day auction,23052,Ryan Wiggins,ryanwiggins@example.com,ryanw42
1645594382,7 day auction,23052,Ryan Wiggins,ryanwiggins@example.com,ryanw42
3025604983,3 day auction,23052,Ryan Wiggins,ryanwiggins@example.com,ryanw42
8215605488,3 day auction,23052,Ryan Wiggins,ryanwiggins@example.com,ryanw42
8214772603,7 day auction,23052,Ryan Wiggins,ryanwiggins@example.com,ryanw42
1642421109,5 day auction,75099,Miss Cheyenne Ferguson MD,misscheyennefergusonmd@example.com,missc76
1639253454,7 day auction,75099,Miss Cheyenne Ferguson MD,misscheyennefergusonmd@example.com,missc76
3025598698,3 day auction,75099,Miss Cheyenne Ferguson MD,misscheyennefergusonmd@example.com,missc76
3020805007,5 day auction,75099,Miss Cheyenne Ferguson MD,misscheyennefergusonmd@example.com,missc76
3014467615,7 day auction,75099,Miss Cheyenne Ferguson MD,misscheyennefergusonmd@example.com,missc76
3017907666,7 day auction,75099,Miss Cheyenne Ferguson MD,misscheyennefergusonmd@example.com,missc76
3019245076,7 day auction,75099,Miss Cheyenne Ferguson MD,misscheyennefergusonmd@example.com,missc76
3024119831,7 day auction,75099,Miss Cheyenne Ferguson MD,misscheyennefergusonmd@example.com,missc76
3024406300,7 day auction,75099,Miss Cheyenne Ferguson MD,misscheyennefergusonmd@example.com,missc76
8213013625,7 day auction,75099,Miss Cheyenne Ferguson MD,misscheyennefergusonmd@example.com,missc76
8213504270,7 day auction,75099,Miss Cheyenne Ferguson MD,misscheyennefergusonmd@example.com,missc76
1644327264,5 day auction,60592,Raven Anderson MD,ravenandersonmd@example.com,raven60
3019342390,5 day auction,60592,Raven Anderson MD,ravenandersonmd@example.com,raven60
1645542737,5 day auction,66620,Christian Palmer,christianpalmer@example.com,chris35
1640550476,7 day auction,66620,Christian Palmer,christianpalmer@example.com,chris35
1648193761,7 day auction,66620,Christian Palmer,christianpalmer@example.com,chris35
3015632013,7 day auction,66620,Christian Palmer,christianpalmer@example.com,chris35
3018729635,7 day auction,66620,Christian Palmer,christianpalmer@example.com,chris35
3018904443,7 day auction,66620,Christian Palmer,christianpalmer@example.com,chris35
3019326870,7 day auction,66620,Christian Palmer,christianpalmer@example.com,chris35
8213387659,3 day auction,66620,Christian Palmer,christianpalmer@example.com,chris35
8213137264,7 day auction,66620,Christian Palmer,christianpalmer@example.com,chris35
1646079608,5 day auction,77411,Janice Morris,janicemorris@example.com,janic62
1639309309,7 day auction,77411,Janice Morris,janicemorris@example.com,janic62
1643136423,7 day auction,77411,Janice Morris,janicemorris@example.com,janic62
1646573469,7 day auction,77411,Janice Morris,janicemorris@example.com,janic62
3410601613,3 day auction,77411,Janice Morris,janicemorris@example.com,janic62
3022878518,7 day auction,77411,Janice Morris,janicemorris@example.com,janic62
1646988233,5 day auction,59364,Megan Miller,meganmiller@example.com,megan94
1644760539,7 day auction,59364,Megan Miller,meganmiller@example.com,megan94
1649718196,7 day auction,59364,Megan Miller,meganmiller@example.com,megan94
1649845539,7 day auction,59364,Megan Miller,meganmiller@example.com,megan94
3016427640,5 day auction,59364,Megan Miller,meganmiller@example.com,megan94
3020026227,7 day auction,59364,Megan Miller,meganmiller@example.com,megan94
1648706567,5 day auction,17556,Christopher Nielsen,christophernielsen@example.com,chris96
3022668008,3 day auction,17556,Christopher Nielsen,christophernielsen@example.com,chris96
3023355964,3 day auction,17556,Christopher Nielsen,christophernielsen@example.com,chris96
3024428283,3 day auction,17556,Christopher Nielsen,christophernielsen@example.com,chris96
3016429446,5 day auction,17556,Christopher Nielsen,christophernielsen@example.com,chris96
3019783040,7 day auction,17556,Christopher Nielsen,christophernielsen@example.com,chris96
8213266439,3 day auction,17556,Christopher Nielsen,christophernielsen@example.com,chris96
8212889138,5 day auction,17556,Christopher Nielsen,christophernielsen@example.com,chris96
8213118813,7 day auction,17556,Christopher Nielsen,christophernielsen@example.com,chris96
1649028956,5 day auction,66756,Brandon Leonard,brandonleonard@example.com,brand72
1639364679,7 day auction,66756,Brandon Leonard,brandonleonard@example.com,brand72
3016329182,5 day auction,66756,Brandon Leonard,brandonleonard@example.com,brand72
3015915692,7 day auction,66756,Brandon Leonard,brandonleonard@example.com,brand72
3024487267,7 day auction,66756,Brandon Leonard,brandonleonard@example.com,brand72
8215001975,5 day auction,66756,Brandon Leonard,brandonleonard@example.com,brand72
8212903781,7 day auction,66756,Brandon Leonard,brandonleonard@example.com,brand72
1638843936,7 day auction,55928,Tiffany Davila,tiffanydavila@example.com,tiffa43
3016384270,3 day auction,55928,Tiffany Davila,tiffanydavila@example.com,tiffa43
3015909534,5 day auction,55928,Tiffany Davila,tiffanydavila@example.com,tiffa43
3014527296,7 day auction,55928,Tiffany Davila,tiffanydavila@example.com,tiffa43
8213123943,5 day auction,55928,Tiffany Davila,tiffanydavila@example.com,tiffa43
8212711136,7 day auction,55928,Tiffany Davila,tiffanydavila@example.com,tiffa43
1638844284,7 day auction,16448,Albert Washington,albertwashington@example.com,alber1
1638844464,7 day auction,11102,Jeffrey Bender,jeffreybender@example.com,jeffr56
1650986455,7 day auction,11102,Jeffrey Bender,jeffreybender@example.com,jeffr56
3024062340,3 day auction,11102,Jeffrey Bender,jeffreybender@example.com,jeffr56
8212236671,7 day auction,11102,Jeffrey Bender,jeffreybender@example.com,jeffr56
8214294890,7 day auction,11102,Jeffrey Bender,jeffreybender@example.com,jeffr56
1638917885,7 day auction,8628,Dalton Ryan,daltonryan@example.com,dalto37
1644309984,7 day auction,8628,Dalton Ryan,daltonryan@example.com,dalto37
1647844282,7 day auction,8628,Dalton Ryan,daltonryan@example.com,dalto37
3024953755,7 day auction,8628,Dalton Ryan,daltonryan@example.com,dalto37
3025473203,7 day auction,8628,Dalton Ryan,daltonryan@example.com,dalto37
8212898463,7 day auction,8628,Dalton Ryan,daltonryan@example.com,dalto37
1639226378,7 day auction,12171,Alicia Simpson,aliciasimpson@example.com,alici22
1648363974,7 day auction,12171,Alicia Simpson,aliciasimpson@example.com,alici22
1649639405,7 day auction,12171,Alicia Simpson,aliciasimpson@example.com,alici22
2920322392,5 day auction,12171,Alicia Simpson,aliciasimpson@example.com,alici22
3024889358,5 day auction,12171,Alicia Simpson,aliciasimpson@example.com,alici22
3020562562,7 day auction,12171,Alicia Simpson,aliciasimpson@example.com,alici22
3024290827,7 day auction,12171,Alicia Simpson,aliciasimpson@example.com,alici22
8213073509,3 day auction,12171,Alicia Simpson,aliciasimpson@example.com,alici22
1639323228,7 day auction,69201,Kelly Turner,kellyturner@example.com,kelly72
1639929579,7 day auction,69201,Kelly Turner,kellyturner@example.com,kelly72
1649858595,7 day auction,69201,Kelly Turner,kellyturner@example.com,kelly72
3015011363,3 day auction,69201,Kelly Turner,kellyturner@example.com,kelly72
3025232103,3 day auction,69201,Kelly Turner,kellyturner@example.com,kelly72
3015469474,5 day auction,69201,Kelly Turner,kellyturner@example.com,kelly72
8214378351,3 day auction,69201,Kelly Turner,kellyturner@example.com,kelly72
8212277835,7 day auction,69201,Kelly Turner,kellyturner@example.com,kelly72
1639341131,7 day auction,27453,Crystal Clark,crystalclark@example.com,cryst3
1639979107,7 day auction,27453,Crystal Clark,crystalclark@example.com,cryst3
3015694920,3 day auction,27453,Crystal Clark,crystalclark@example.com,cryst3
3019881842,3 day auction,27453,Crystal Clark,crystalclark@example.com,cryst3
3020237085,7 day auction,27453,Crystal Clark,crystalclark@example.com,cryst3
3406945791,7 day auction,27453,Crystal Clark,crystalclark@example.com,cryst3
1639425502,7 day auction,10331,James House,jameshouse@example.com,james26
3025036419,3 day auction,10331,James House,jameshouse@example.com,james26
3017533541,7 day auction,10331,James House,jameshouse@example.com,james26
3018065500,7 day auction,10331,James House,jameshouse@example.com,james26
3020435332,7 day auction,10331,James House,jameshouse@example.com,james26
3022783472,7 day auction,10331,James House,jameshouse@example.com,james26
3022969296,7 day auction,10331,James House,jameshouse@example.com,james26
1639672910,7 day auction,6131,Curtis Best,curtisbest@example.com,curti64
3015148398,7 day auction,6131,Curtis Best,curtisbest@example.com,curti64
3018091954,7 day auction,6131,Curtis Best,curtisbest@example.com,curti64
3024676416,7 day auction,6131,Curtis Best,curtisbest@example.com,curti64
8214772755,7 day auction,6131,Curtis Best,curtisbest@example.com,curti64
1640179146,7 day auction,66163,Timothy Edwards,timothyedwards@example.com,timot85
1641722275,7 day auction,66163,Timothy Edwards,timothyedwards@example.com,timot85
3020454530,7 day auction,66163,Timothy Edwards,timothyedwards@example.com,timot85
3024582522,7 day auction,66163,Timothy Edwards,timothyedwards@example.com,timot85
1640793161,7 day auction,21319,Cameron Williams,cameronwilliams@example.com,camer42
3017449549,7 day auction,21319,Cameron Williams,cameronwilliams@example.com,camer42
3020382619,7 day auction,21319,Cameron Williams,cameronwilliams@example.com,camer42
3024579326,7 day auction,21319,Cameron Williams,cameronwilliams@example.com,camer42
1640936328,7 day auction,54895,David Campbell,davidcampbell@example.com,david88
3019354114,5 day auction,54895,David Campbell,davidcampbell@example.com,david88
3015328849,7 day auction,54895,David Campbell,davidcampbell@example.com,david88
3019972424,7 day auction,54895,David Campbell,davidcampbell@example.com,david88
8214801298,7 day auction,54895,David Campbell,davidcampbell@example.com,david88
1641062012,7 day auction,95515,Amy Davidson,amydavidson@example.com,amyda38
1643212361,7 day auction,95515,Amy Davidson,amydavidson@example.com,amyda38
3025836567,3 day auction,95515,Amy Davidson,amydavidson@example.com,amyda38
3025665574,5 day auction,95515,Amy Davidson,amydavidson@example.com,amyda38
3023748273,7 day auction,95515,Amy Davidson,amydavidson@example.com,amyda38
8212110388,7 day auction,95515,Amy Davidson,amydavidson@example.com,amyda38
1641242797,7 day auction,76444,Sharon Rubio,sharonrubio@example.com,sharo40
3023456362,3 day auction,76444,Sharon Rubio,sharonrubio@example.com,sharo40
3016893433,5 day auction,76444,Sharon Rubio,sharonrubio@example.com,sharo40
3020532816,7 day auction,76444,Sharon Rubio,sharonrubio@example.com,sharo40
3021870696,7 day auction,76444,Sharon Rubio,sharonrubio@example.com,sharo40
8211763485,7 day auction,76444,Sharon Rubio,sharonrubio@example.com,sharo40
8212359174,7 day auction,76444,Sharon Rubio,sharonrubio@example.com,sharo40
1641457876,7 day auction,99344,Jason Mcguire,jasonmcguire@example.com,jason57
1645989170,7 day auction,99344,Jason Mcguire,jasonmcguire@example.com,jason57
1647846714,7 day auction,99344,Jason Mcguire,jasonmcguire@example.com,jason57
3014797177,3 day auction,99344,Jason Mcguire,jasonmcguire@example.com,jason57
3019559023,3 day auction,99344,Jason Mcguire,jasonmcguire@example.com,jason57
3015060138,5 day auction,99344,Jason Mcguire,jasonmcguire@example.com,jason57
3015710047,5 day auction,99344,Jason Mcguire,jasonmcguire@example.com,jason57
3017456210,7 day auction,99344,Jason Mcguire,jasonmcguire@example.com,jason57
3024579522,7 day auction,99344,Jason Mcguire,jasonmcguire@example.com,jason57
8214275008,7 day auction,99344,Jason Mcguire,jasonmcguire@example.com,jason57
8214767887,7 day auction,99344,Jason Mcguire,jasonmcguire@example.com,jason57
1641587440,7 day auction,12653,Matthew Phillips,matthewphillips@example.com,matth40
1641629836,7 day auction,12653,Matthew Phillips,matthewphillips@example.com,matth40
3020242442,3 day auction,12653,Matthew Phillips,matthewphillips@example.com,matth40
3013787547,7 day auction,12653,Matthew Phillips,matthewphillips@example.com,matth40
3023647851,7 day auction,12653,Matthew Phillips,matthewphillips@example.com,matth40
1642005995,7 day auction,97423,Steven Vang,stevenvang@example.com,steve70
1646145109,7 day auction,97423,Steven Vang,stevenvang@example.com,steve70
3023187210,3 day auction,97423,Steven Vang,stevenvang@example.com,steve70
3024052380,7 day auction,97423,Steven Vang,stevenvang@example.com,steve70
8212145833,7 day auction,97423,Steven Vang,stevenvang@example.com,steve70
8212989463,7 day auction,97423,Steven Vang,stevenvang@example.com,steve70
1642514892,7 day auction,61083,Charles White DVM,charleswhitedvm@example.com,charl3
1644724061,7 day auction,61083,Charles White DVM,charleswhitedvm@example.com,charl3
3015942588,5 day auction,61083,Charles White DVM,charleswhitedvm@example.com,charl3
3018732453,5 day auction,61083,Charles White DVM,charleswhitedvm@example.com,charl3
3015396986,7 day auction,61083,Charles White DVM,charleswhitedvm@example.com,charl3
8213060420,3 day auction,61083,Charles White DVM,charleswhitedvm@example.com,charl3
8213067838,3 day auction,61083,Charles White DVM,charleswhitedvm@example.com,charl3
8212248443,7 day auction,61083,Charles White DVM,charleswhitedvm@example.com,charl3
8214733985,7 day auction,61083,Charles White DVM,charleswhitedvm@example.com,charl3
1642534283,7 day auction,13054,Matthew Smith,matthewsmith@example.com,matth89
1643187764,7 day auction,13054,Matthew Smith,matthewsmith@example.com,matth89
3020573049,3 day auction,13054,Matthew Smith,matthewsmith@example.com,matth89
3023652961,3 day auction,13054,Matthew Smith,matthewsmith@example.com,matth89
3024428241,3 day auction,13054,Matthew Smith,matthewsmith@example.com,matth89
3014572100,7 day auction,13054,Matthew Smith,matthewsmith@example.com,matth89
3015710036,7 day auction,13054,Matthew Smith,matthewsmith@example.com,matth89
3024980031,7 day auction,13054,Matthew Smith,matthewsmith@example.com,matth89
1642875447,7 day auction,34969,Dawn Armstrong,dawnarmstrong@example.com,dawna77
3015592850,5 day auction,34969,Dawn Armstrong,dawnarmstrong@example.com,dawna77
8212590929,5 day auction,34969,Dawn Armstrong,dawnarmstrong@example.com,dawna77
1642876200,7 day auction,34995,Carlos Contreras,carloscontreras@example.com,carlo81
3018994053,3 day auction,34995,Carlos Contreras,carloscontreras@example.com,carlo81
3019119068,7 day auction,34995,Carlos Contreras,carloscontreras@example.com,carlo81
3019459282,7 day auction,34995,Carlos Contreras,carloscontreras@example.com,carlo81
3022000145,7 day auction,34995,Carlos Contreras,carloscontreras@example.com,carlo81
3024889230,7 day auction,34995,Carlos Contreras,carloscontreras@example.com,carlo81
8213403462,3 day auction,34995,Carlos Contreras,carloscontreras@example.com,carlo81
1644046945,7 day auction,32965,Dana Snyder,danasnyder@example.com,danas27
3013884772,7 day auction,32965,Dana Snyder,danasnyder@example.com,danas27
8214418083,3 day auction,32965,Dana Snyder,danasnyder@example.com,danas27
8212140993,7 day auction,32965,Dana Snyder,danasnyder@example.com,danas27
1644049270,7 day auction,27889,Joshua Nichols,joshuanichols@example.com,joshu50
3018740612,3 day auction,27889,Joshua Nichols,joshuanichols@example.com,joshu50
3019508285,3 day auction,27889,Joshua Nichols,joshuanichols@example.com,joshu50
3025370463,7 day auction,27889,Joshua Nichols,joshuanichols@example.com,joshu50
1644197869,7 day auction,19522,Lori Williams,loriwilliams@example.com,loriw29
3023389524,5 day auction,19522,Lori Williams,loriwilliams@example.com,loriw29
3019540740,7 day auction,19522,Lori Williams,loriwilliams@example.com,loriw29
3023885982,7 day auction,19522,Lori Williams,loriwilliams@example.com,loriw29
8214279576,7 day auction,19522,Lori Williams,loriwilliams@example.com,loriw29
8214864154,7 day auction,19522,Lori Williams,loriwilliams@example.com,loriw29
1644252877,7 day auction,61275,Dana Lambert,danalambert@example.com,danal95
2920504693,7 day auction,61275,Dana Lambert,danalambert@example.com,danal95
3022352711,7 day auction,61275,Dana Lambert,danalambert@example.com,danal95
1644343468,7 day auction,51483,Jodi Johnson,jodijohnson@example.com,jodij1
1648252368,7 day auction,51483,Jodi Johnson,jodijohnson@example.com,jodij1
3024307014,3 day auction,51483,Jodi Johnson,jodijohnson@example.com,jodij1
3015053536,5 day auction,51483,Jodi Johnson,jodijohnson@example.com,jodij1
3014480955,7 day auction,51483,Jodi Johnson,jodijohnson@example.com,jodij1
3020431774,7 day auction,51483,Jodi Johnson,jodijohnson@example.com,jodij1
3024568877,7 day auction,51483,Jodi Johnson,jodijohnson@example.com,jodij1
8213733010,3 day auction,51483,Jodi Johnson,jodijohnson@example.com,jodij1
8212170033,7 day auction,51483,Jodi Johnson,jodijohnson@example.com,jodij1
8212530768,7 day auction,51483,Jodi Johnson,jodijohnson@example.com,jodij1
1644357387,7 day auction,50114,Kenneth Soto MD,kennethsotomd@example.com,kenne44
1644739924,7 day auction,50114,Kenneth Soto MD,kennethsotomd@example.com,kenne44
3024854454,3 day auction,50114,Kenneth Soto MD,kennethsotomd@example.com,kenne44
3018131250,5 day auction,50114,Kenneth Soto MD,kennethsotomd@example.com,kenne44
3023700043,7 day auction,50114,Kenneth Soto MD,kennethsotomd@example.com,kenne44
8213387444,3 day auction,50114,Kenneth Soto MD,kennethsotomd@example.com,kenne44
1644594033,7 day auction,62695,Julian Diaz,juliandiaz@example.com,julia22
1647329406,7 day auction,62695,Julian Diaz,juliandiaz@example.com,julia22
3014844738,3 day auction,62695,Julian Diaz,juliandiaz@example.com,julia22
3015053617,7 day auction,62695,Julian Diaz,juliandiaz@example.com,julia22
1646007296,7 day auction,99266,Patrick Wright,patrickwright@example.com,patri9
3017911925,3 day auction,99266,Patrick Wright,patrickwright@example.com,patri9
3018375809,7 day auction,99266,Patrick Wright,patrickwright@example.com,patri9
3019326300,7 day auction,99266,Patrick Wright,patrickwright@example.com,patri9
8212237522,7 day auction,99266,Patrick Wright,patrickwright@example.com,patri9
8212272351,7 day auction,99266,Patrick Wright,patrickwright@example.com,patri9
1647567213,7 day auction,94264,Lindsey Rogers,lindseyrogers@example.com,linds73
3016035790,7 day auction,94264,Lindsey Rogers,lindseyrogers@example.com,linds73
3019516140,7 day auction,94264,Lindsey Rogers,lindseyrogers@example.com,linds73
8214435010,3 day auction,94264,Lindsey Rogers,lindseyrogers@example.com,linds73
8212116757,7 day auction,94264,Lindsey Rogers,lindseyrogers@example.com,linds73
8214786481,7 day auction,94264,Lindsey Rogers,lindseyrogers@example.com,linds73
1648613621,7 day auction,1632,Aaron Flowers,aaronflowers@example.com,aaron70
3019224930,5 day auction,1632,Aaron Flowers,aaronflowers@example.com,aaron70
8213058220,5 day auction,1632,Aaron Flowers,aaronflowers@example.com,aaron70
1648661746,7 day auction,60694,Dominic Brooks,dominicbrooks@example.com,domin44
3015053455,3 day auction,60694,Dominic Brooks,dominicbrooks@example.com,domin44
3020818693,3 day auction,60694,Dominic Brooks,dominicbrooks@example.com,domin44
3025212496,3 day auction,60694,Dominic Brooks,dominicbrooks@example.com,domin44
3016330514,5 day auction,60694,Dominic Brooks,dominicbrooks@example.com,domin44
3019975492,5 day auction,60694,Dominic Brooks,dominicbrooks@example.com,domin44
3016832602,7 day auction,60694,Dominic Brooks,dominicbrooks@example.com,domin44
3020269225,7 day auction,60694,Dominic Brooks,dominicbrooks@example.com,domin44
3023163333,7 day auction,60694,Dominic Brooks,dominicbrooks@example.com,domin44
8212264580,7 day auction,60694,Dominic Brooks,dominicbrooks@example.com,domin44
1649808226,7 day auction,42787,Ashley Hamilton,ashleyhamilton@example.com,ashle83
3014834745,3 day auction,42787,Ashley Hamilton,ashleyhamilton@example.com,ashle83
3014012365,7 day auction,42787,Ashley Hamilton,ashleyhamilton@example.com,ashle83
3015682701,7 day auction,42787,Ashley Hamilton,ashleyhamilton@example.com,ashle83
3024124623,7 day auction,42787,Ashley Hamilton,ashleyhamilton@example.com,ashle83
8213049640,7 day auction,42787,Ashley Hamilton,ashleyhamilton@example.com,ashle83
1649944294,7 day auction,56491,Alexis Patterson,alexispatterson@example.com,alexi19
3016385067,3 day auction,56491,Alexis Patterson,alexispatterson@example.com,alexi19
3025433808,3 day auction,56491,Alexis Patterson,alexispatterson@example.com,alexi19
3016587753,7 day auction,56491,Alexis Patterson,alexispatterson@example.com,alexi19
8212830525,5 day auction,56491,Alexis Patterson,alexispatterson@example.com,alexi19
1650530689,7 day auction,30012,Colin Berg,colinberg@example.com,colin64
3026374373,3 day auction,30012,Colin Berg,colinberg@example.com,colin64
2920320059,3 day auction,17818,Jonathan Hughes,jonathanhughes@example.com,jonat19
3023653463,7 day auction,17818,Jonathan Hughes,jonathanhughes@example.com,jonat19
8213759776,3 day auction,17818,Jonathan Hughes,jonathanhughes@example.com,jonat19
3015318631,3 day auction,2775,Joseph Marshall,josephmarshall@example.com,josep62
3023885393,3 day auction,2775,Joseph Marshall,josephmarshall@example.com,josep62
3025656717,3 day auction,2775,Joseph Marshall,josephmarshall@example.com,josep62
3024504428,5 day auction,2775,Joseph Marshall,josephmarshall@example.com,josep62
3015010479,7 day auction,2775,Joseph Marshall,josephmarshall@example.com,josep62
3015826410,7 day auction,2775,Joseph Marshall,josephmarshall@example.com,josep62
8212339045,7 day auction,2775,Joseph Marshall,josephmarshall@example.com,josep62
8212819110,7 day auction,2775,Joseph Marshall,josephmarshall@example.com,josep62
8212966887,7 day auction,2775,Joseph Marshall,josephmarshall@example.com,josep62
8214735736,7 day auction,2775,Joseph Marshall,josephmarshall@example.com,josep62
3015513138,3 day auction,79030,Carrie Nguyen,carrienguyen@example.com,carri8
3018964794,5 day auction,79030,Carrie Nguyen,carrienguyen@example.com,carri8
3020526277,7 day auction,79030,Carrie Nguyen,carrienguyen@example.com,carri8
8212964295,7 day auction,79030,Carrie Nguyen,carrienguyen@example.com,carri8
3015520083,3 day auction,72131,Yesenia Graham,yeseniagraham@example.com,yesen78
3017457773,7 day auction,72131,Yesenia Graham,yeseniagraham@example.com,yesen78
3023864656,7 day auction,72131,Yesenia Graham,yeseniagraham@example.com,yesen78
3023876273,7 day auction,72131,Yesenia Graham,yeseniagraham@example.com,yesen78
8212896511,7 day auction,72131,Yesenia Graham,yeseniagraham@example.com,yesen78
3015710025,3 day auction,3806,Megan Castillo,megancastillo@example.com,megan13
3024471745,3 day auction,3806,Megan Castillo,megancastillo@example.com,megan13
3015860830,3 day auction,5362,Jean Chang,jeanchang@example.com,jeanc85
3019086590,7 day auction,5362,Jean Chang,jeanchang@example.com,jeanc85
8213183841,3 day auction,5362,Jean Chang,jeanchang@example.com,jeanc85
8215610555,3 day auction,5362,Jean Chang,jeanchang@example.com,jeanc85
3015958025,3 day auction,23364,Lisa Acosta,lisaacosta@example.com,lisaa84
3014834982,5 day auction,23364,Lisa Acosta,lisaacosta@example.com,lisaa84
3016771147,7 day auction,23364,Lisa Acosta,lisaacosta@example.com,lisaa84
3019821569,7 day auction,23364,Lisa Acosta,lisaacosta@example.com,lisaa84
3024416642,7 day auction,23364,Lisa Acosta,lisaacosta@example.com,lisaa84
8213305402,3 day auction,23364,Lisa Acosta,lisaacosta@example.com,lisaa84
8212883411,7 day auction,23364,Lisa Acosta,lisaacosta@example.com,lisaa84
3016342535,3 day auction,62279,Mrs. Tonya Smith MD,mrs.tonyasmithmd@example.com,mrs.t81
3025160117,3 day auction,62279,Mrs. Tonya Smith MD,mrs.tonyasmithmd@example.com,mrs.t81
3014792711,7 day auction,62279,Mrs. Tonya Smith MD,mrs.tonyasmithmd@example.com,mrs.t81
8213922989,3 day auction,62279,Mrs. Tonya Smith MD,mrs.tonyasmithmd@example.com,mrs.t81
8215558653,3 day auction,62279,Mrs. Tonya Smith MD,mrs.tonyasmithmd@example.com,mrs.t81
8215571039,3 day auction,62279,Mrs. Tonya Smith MD,mrs.tonyasmithmd@example.com,mrs.t81
8212631876,7 day auction,62279,Mrs. Tonya Smith MD,mrs.tonyasmithmd@example.com,mrs.t81
8212899346,7 day auction,62279,Mrs. Tonya Smith MD,mrs.tonyasmithmd@example.com,mrs.t81
8212969221,7 day auction,62279,Mrs. Tonya Smith MD,mrs.tonyasmithmd@example.com,mrs.t81
3016384507,3 day auction,89015,Rachel Green,rachelgreen@example.com,rache27
8214999031,5 day auction,89015,Rachel Green,rachelgreen@example.com,rache27
3016651485,3 day auction,27534,Peter Chase,peterchase@example.com,peter90
3018738379,5 day auction,27534,Peter Chase,peterchase@example.com,peter90
3020701670,5 day auction,27534,Peter Chase,peterchase@example.com,peter90
3023174478,5 day auction,27534,Peter Chase,peterchase@example.com,peter90
3015103095,7 day auction,27534,Peter Chase,peterchase@example.com,peter90
3019428008,7 day auction,27534,Peter Chase,peterchase@example.com,peter90
3020143804,7 day auction,27534,Peter Chase,peterchase@example.com,peter90
3024707992,7 day auction,27534,Peter Chase,peterchase@example.com,peter90
8212591610,7 day auction,27534,Peter Chase,peterchase@example.com,peter90
3016710166,3 day auction,81142,Ryan Bright,ryanbright@example.com,ryanb0
3023574629,3 day auction,81142,Ryan Bright,ryanbright@example.com,ryanb0
3024267974,3 day auction,81142,Ryan Bright,ryanbright@example.com,ryanb0
3025778985,3 day auction,81142,Ryan Bright,ryanbright@example.com,ryanb0
8213034705,3 day auction,81142,Ryan Bright,ryanbright@example.com,ryanb0
3018594562,3 day auction,81556,Justin Rivera,justinrivera@example.com,justi31
3018788243,7 day auction,81556,Justin Rivera,justinrivera@example.com,justi31
3024264085,7 day auction,81556,Justin Rivera,justinrivera@example.com,justi31
8214435808,3 day auction,81556,Justin Rivera,justinrivera@example.com,justi31
8215125069,5 day auction,81556,Justin Rivera,justinrivera@example.com,justi31
3020157897,3 day auction,78692,Jon Roberts,jonroberts@example.com,jonro13
8215408023,3 day auction,78692,Jon Roberts,jonroberts@example.com,jonro13
3023249693,3 day auction,59337,Hannah Johnson,hannahjohnson@example.com,hanna13
3025263643,3 day auction,59337,Hannah Johnson,hannahjohnson@example.com,hanna13
3023653148,5 day auction,59337,Hannah Johnson,hannahjohnson@example.com,hanna13
3025035412,7 day auction,59337,Hannah Johnson,hannahjohnson@example.com,hanna13
8213162076,3 day auction,59337,Hannah Johnson,hannahjohnson@example.com,hanna13
8212268905,7 day auction,59337,Hannah Johnson,hannahjohnson@example.com,hanna13
8213515739,7 day auction,59337,Hannah Johnson,hannahjohnson@example.com,hanna13
8214864036,7 day auction,59337,Hannah Johnson,hannahjohnson@example.com,hanna13
3023275213,3 day auction,74158,Pamela Thomas,pamelathomas@example.com,pamel88
3023746524,7 day auction,74158,Pamela Thomas,pamelathomas@example.com,pamel88
3023568805,3 day auction,99604,James Walters,jameswalters@example.com,james73
3025507248,3 day auction,99604,James Walters,jameswalters@example.com,james73
3014616784,7 day auction,99604,James Walters,jameswalters@example.com,james73
3018228635,7 day auction,99604,James Walters,jameswalters@example.com,james73
3024061761,3 day auction,78249,Sonya Williams,sonyawilliams@example.com,sonya83
3019070859,7 day auction,78249,Sonya Williams,sonyawilliams@example.com,sonya83
3019271858,7 day auction,78249,Sonya Williams,sonyawilliams@example.com,sonya83
3021965054,7 day auction,78249,Sonya Williams,sonyawilliams@example.com,sonya83
3023387988,7 day auction,78249,Sonya Williams,sonyawilliams@example.com,sonya83
3024680777,3 day auction,33642,Jessica Wilson,jessicawilson@example.com,jessi40
3021884961,7 day auction,33642,Jessica Wilson,jessicawilson@example.com,jessi40
8214277489,7 day auction,33642,Jessica Wilson,jessicawilson@example.com,jessi40
3025106904,3 day auction,67543,Hannah Wallace,hannahwallace@example.com,hanna1
3022527291,7 day auction,67543,Hannah Wallace,hannahwallace@example.com,hanna1
8214862356,7 day auction,67543,Hannah Wallace,hannahwallace@example.com,hanna1
3025639289,3 day auction,58113,Norman Newman,normannewman@example.com,norma77
3026299552,3 day auction,58113,Norman Newman,normannewman@example.com,norma77
3016892738,5 day auction,58113,Norman Newman,normannewman@example.com,norma77
3018989545,7 day auction,58113,Norman Newman,normannewman@example.com,norma77
3024823511,7 day auction,58113,Norman Newman,normannewman@example.com,norma77
3025671430,3 day auction,88057,Susan Hays,susanhays@example.com,susan90
3015358053,5 day auction,88057,Susan Hays,susanhays@example.com,susan90
2920317714,7 day auction,88057,Susan Hays,susanhays@example.com,susan90
3020109475,7 day auction,88057,Susan Hays,susanhays@example.com,susan90
3020159852,7 day auction,88057,Susan Hays,susanhays@example.com,susan90
3020329965,7 day auction,88057,Susan Hays,susanhays@example.com,susan90
8213702304,3 day auction,88057,Susan Hays,susanhays@example.com,susan90
8213063145,5 day auction,88057,Susan Hays,susanhays@example.com,susan90
8215000309,5 day auction,88057,Susan Hays,susanhays@example.com,susan90
3025677685,3 day auction,72867,Michael Mason,michaelmason@example.com,micha33
3025778593,3 day auction,72867,Michael Mason,michaelmason@example.com,micha33
3014772364,5 day auction,72867,Michael Mason,michaelmason@example.com,micha33
3015520299,5 day auction,72867,Michael Mason,michaelmason@example.com,micha33
3016770041,7 day auction,72867,Michael Mason,michaelmason@example.com,micha33
3025266581,7 day auction,72867,Michael Mason,michaelmason@example.com,micha33
8215582227,3 day auction,72867,Michael Mason,michaelmason@example.com,micha33
3025885755,3 day auction,90069,Justin Griffith,justingriffith@example.com,justi32
3016459024,5 day auction,90069,Justin Griffith,justingriffith@example.com,justi32
3023920921,5 day auction,90069,Justin Griffith,justingriffith@example.com,justi32
8213085879,7 day auction,90069,Justin Griffith,justingriffith@example.com,justi32
3014085073,5 day auction,19517,Brian Kirby,briankirby@example.com,brian0
3013874420,7 day auction,19517,Brian Kirby,briankirby@example.com,brian0
3022774388,7 day auction,19517,Brian Kirby,briankirby@example.com,brian0
3023639316,7 day auction,19517,Brian Kirby,briankirby@example.com,brian0
8212629520,7 day auction,19517,Brian Kirby,briankirby@example.com,brian0
3015344188,5 day auction,2447,Sandra Rocha,sandrarocha@example.com,sandr21
3024980402,5 day auction,2447,Sandra Rocha,sandrarocha@example.com,sandr21
3018011210,7 day auction,2447,Sandra Rocha,sandrarocha@example.com,sandr21
3022476363,7 day auction,2447,Sandra Rocha,sandrarocha@example.com,sandr21
3024527409,7 day auction,2447,Sandra Rocha,sandrarocha@example.com,sandr21
8213266411,3 day auction,2447,Sandra Rocha,sandrarocha@example.com,sandr21
8215188105,5 day auction,2447,Sandra Rocha,sandrarocha@example.com,sandr21
3017602583,5 day auction,65152,Joseph Carey,josephcarey@example.com,josep38
3018457930,7 day auction,65152,Joseph Carey,josephcarey@example.com,josep38
3018623685,7 day auction,65152,Joseph Carey,josephcarey@example.com,josep38
3020257463,7 day auction,65152,Joseph Carey,josephcarey@example.com,josep38
3020334869,7 day auction,65152,Joseph Carey,josephcarey@example.com,josep38
3024179301,7 day auction,65152,Joseph Carey,josephcarey@example.com,josep38
8213297233,3 day auction,65152,Joseph Carey,josephcarey@example.com,josep38
3023004423,5 day auction,78839,Robert Cole,robertcole@example.com,rober80
3014671042,7 day auction,78839,Robert Cole,robertcole@example.com,rober80
3017626592,7 day auction,78839,Robert Cole,robertcole@example.com,rober80
3017676972,7 day auction,78839,Robert Cole,robertcole@example.com,rober80
3018581708,7 day auction,78839,Robert Cole,robertcole@example.com,rober80
3021855303,7 day auction,78839,Robert Cole,robertcole@example.com,rober80
3025373736,7 day auction,78839,Robert Cole,robertcole@example.com,rober80
3013912877,7 day auction,2007,Sheryl Curry,sherylcurry@example.com,shery51
3023183955,7 day auction,2007,Sheryl Curry,sherylcurry@example.com,shery51
3016610859,7 day auction,86597,Rachael Lyons,rachaellyons@example.com,racha7
3019610737,7 day auction,86597,Rachael Lyons,rachaellyons@example.com,racha7
3024287595,7 day auction,86597,Rachael Lyons,rachaellyons@example.com,racha7
8212869625,5 day auction,86597,Rachael Lyons,rachaellyons@example.com,racha7
8212408545,7 day auction,86597,Rachael Lyons,rachaellyons@example.com,racha7
8213472092,3 day auction,23208,Tyler Lewis,tylerlewis@example.com,tyler84
8212198987,7 day auction,82029,Randall Bates,randallbates@example.com,randa13
8212610170,7 day auction,82029,Randall Bates,randallbates@example.com,randa13
8212870695,7 day auction,82029,Randall Bates,randallbates@example.com,randa13
